Handle,Title,Body (HTML),Vendor,Product Category,Type,Tags,Published,Option1 Name,Option1 Value,Option1 Linked To,Option2 Name,Option2 Value,Option2 Linked To,Option3 Name,Option3 Value,Option3 Linked To,Variant SKU,Variant Grams,Variant Inventory Tracker,Variant Inventory Qty,Variant Inventory Policy,Variant Fulfillment Service,Variant Price,Variant Compare At Price,Variant Requires Shipping,Variant Taxable,Unit Price Total Measure,Unit Price Total Measure Unit,Unit Price Base Measure,Unit Price Base Measure Unit,Variant Barcodes,Image Src,Image Position,Image Alt Text,Gift Card,SEO Title,SEO Description,Google Shopping / Google Product Category,Google Shopping / Gender,Google Shopping / Age Group,Google Shopping / MPN,Google Shopping / Condition,Google Shopping / Custom Product,Google Shopping / Custom Label 0,Google Shopping / Custom Label 1,Google Shopping / Custom Label 2,Google Shopping / Custom Label 3,Google Shopping / Custom Label 4,Google: Custom Product (product.metafields.mm-google-shopping.custom_product),Age group (product.metafields.shopify.age-group),Carry options (product.metafields.shopify.carry-options),Color (product.metafields.shopify.color-pattern),Fabric (product.metafields.shopify.fabric),Neckline (product.metafields.shopify.neckline),Outerwear clothing features (product.metafields.shopify.outerwear-clothing-features),Size (product.metafields.shopify.size),Sleeve length type (product.metafields.shopify.sleeve-length-type),Target gender (product.metafields.shopify.target-gender),Top length type (product.metafields.shopify.top-length-type),Variant Image,Variant Weight Unit,Variant Tax Code,Cost per item,Status,Variant Packed Length,Variant Packed Width,Variant Packed Height,Variant Packed Dimension Unit
dekoratyvna-kosmetyka,Декоративна косметика,,,Health & Beauty > Personal Care > Cosmetics,Cosmetics,,false,Title,Default Title,,,,,,,,,0.0,,0,deny,manual,,,true,true,,,,,,https://lil-shop.com.ua/content/images/44/408x409l80mc0/11209616905015.webp,1,Декоративна косметика,false,,,2915,female,adult,,new,TRUE,,,,,,TRUE,adults,,,,,,,,female,,,kg,,,draft,,,,
dohliad-za-oblychchiam,Догляд за обличчям,,,,,,false,Title,Default Title,,,,,,,,,0.0,,0,deny,manual,,,true,true,,,,,,https://lil-shop.com.ua/content/images/10/666x375l80mc0/26967270540948.webp,1,Догляд за обличчям,false,,,,female,adult,,new,TRUE,,,,,,TRUE,adults,,,,,,,,female,,,kg,,,draft,,,,
dohliad-za-volossiam,Догляд за волоссям,,,,,,false,Title,Default Title,,,,,,,,,0.0,,0,deny,manual,,,true,true,,,,,,https://lil-shop.com.ua/content/images/35/612x408l80mc0/46426224497288.webp,1,Догляд за волоссям,false,,,,female,adult,,new,TRUE,,,,,,TRUE,adults,,,,,,,,female,,,kg,,,draft,,,,
dohliad-za-tilom,Догляд за тілом,,,,,,false,Title,Default Title,,,,,,,,,0.0,,0,deny,manual,,,true,true,,,,,,https://lil-shop.com.ua/content/images/40/572x436l80mc0/77560336785177.webp,1,Догляд за тілом,false,,,,female,adult,,new,TRUE,,,,,,TRUE,adults,,,,,,,,female,,,kg,,,draft,,,,
podarunkovi-biuti-nabory,Подарункові б’юті набори,,,,,,false,Title,Default Title,,,,,,,,,0.0,,0,deny,manual,,,true,true,,,,,,https://lil-shop.com.ua/content/images/45/300x300l80mc0/21986028883535.webp,1,Подарункові б’юті набори,false,,,,female,adult,,new,TRUE,,,,,,TRUE,adults,,,,,,,,female,,,kg,,,draft,,,,
interier-ta-aromaty-dlia-domu,Інтер'єр та аромати для дому,,,,,,false,Title,Default Title,,,,,,,,,0.0,,0,deny,manual,,,true,true,,,,,,https://lil-shop.com.ua/content/images/1/1000x1500l80mc0/38053956566400.webp,1,Інтер'єр та аромати для дому,false,,,,female,adult,,new,TRUE,,,,,,TRUE,adults,,,,,,,,female,,,kg,,,draft,,,,
biuti-nabory,Б’юті набори,,,,,,false,Title,Default Title,,,,,,,,,0.0,,0,deny,manual,,,true,true,,,,,,https://lil-shop.com.ua/content/images/43/1500x1000l80mc0/50390306601396.webp,1,Б’юті набори,false,,,,female,adult,,new,TRUE,,,,,,TRUE,adults,,,,,,,,female,,,kg,,,draft,,,,
kosmetyka,Косметика,,,Health & Beauty > Personal Care > Cosmetics,Cosmetics,,false,Title,Default Title,,,,,,,,,0.0,,0,deny,manual,,,true,true,,,,,,https://lil-shop.com.ua/content/images/4/830x1200l80mc0/16955011048807.webp,1,Косметика,false,,,2915,female,adult,,new,TRUE,,,,,,TRUE,adults,,,,,,,,female,,,kg,,,draft,,,,
mashynky-dlia-stryzhky-tvaryn,Машинки для стрижки тварин,,,,,,false,Title,Default Title,,,,,,,,,0.0,,0,deny,manual,,,true,true,,,,,,https://lil-shop.com.ua/content/images/46/1000x1000l80mc0/47630300340857.webp,1,Машинки для стрижки тварин,false,,,,female,adult,,new,TRUE,,,,,,TRUE,adults,,,,,,,,female,,,kg,,,draft,,,,
brytvy-trymery,"Бритви, тримери",,,,,,false,Title,Default Title,,,,,,,,,0.0,,0,deny,manual,,,true,true,,,,,,https://lil-shop.com.ua/content/images/10/800x800l80mc0/98661852529767.webp,1,"Бритви, тримери",false,,,,female,adult,,new,TRUE,,,,,,TRUE,adults,,,,,,,,female,,,kg,,,draft,,,,
navushnyky,Навушники,,,,,,false,Title,Default Title,,,,,,,,,0.0,,0,deny,manual,,,true,true,,,,,,https://lil-shop.com.ua/content/images/13/800x800l80mc0/37728625312412.webp,1,Навушники,false,,,,female,adult,,new,TRUE,,,,,,TRUE,adults,,,,,,,,female,,,kg,,,draft,,,,
fitnes-braslety-smart-hodynnyky,"Фітнес браслети, смарт годинники",,,Apparel & Accessories > Jewelry > Watches,Watches,,false,Title,Default Title,,,,,,,,,0.0,,0,deny,manual,,,true,true,,,,,,https://lil-shop.com.ua/content/images/15/421x500l80mc0/27847899826475.webp,1,"Фітнес браслети, смарт годинники",false,,,201,female,adult,,new,TRUE,,,,,,TRUE,adults,,,,,,,,female,,,kg,,,draft,,,,
merezhevi-zariadni-prystroi-kabeli-adaptery,"Мережеві зарядні пристрої, кабелі, адаптери",,,,,,false,Title,Default Title,,,,,,,,,0.0,,0,deny,manual,,,true,true,,,,,,https://lil-shop.com.ua/content/images/16/960x960l80mc0/15052219957473.webp,1,"Мережеві зарядні пристрої, кабелі, адаптери",false,,,,female,adult,,new,TRUE,,,,,,TRUE,adults,,,,,,,,female,,,kg,,,draft,,,,
aksesuary-dlia-video-foto,Аксесуари для відео/фото,,,,,,false,Title,Default Title,,,,,,,,,0.0,,0,deny,manual,,,true,true,,,,,,https://lil-shop.com.ua/content/images/22/490x537l80mc0/23351891838014.webp,1,Аксесуари для відео/фото,false,,,,female,adult,,new,TRUE,,,,,,TRUE,adults,,,,,,,,female,,,kg,,,draft,,,,
power-bank,Power Bank,,,,,,false,Title,Default Title,,,,,,,,,0.0,,0,deny,manual,,,true,true,,,,,,https://lil-shop.com.ua/content/images/9/500x500l80mc0/28142206021951.webp,1,Power Bank,false,,,,female,adult,,new,TRUE,,,,,,TRUE,adults,,,,,,,,female,,,kg,,,draft,,,,
navushnyky-2,Навушники,,,,,,false,Title,Default Title,,,,,,,,,0.0,,0,deny,manual,,,true,true,,,,,,https://lil-shop.com.ua/content/images/32/720x720l80mc0/83948600706895.webp,1,Навушники,false,,,,female,adult,,new,TRUE,,,,,,TRUE,adults,,,,,,,,female,,,kg,,,draft,,,,
kolonky-ta-akustychni-systemy,Колонки та акустичні системи,,,,,,false,Title,Default Title,,,,,,,,,0.0,,0,deny,manual,,,true,true,,,,,,https://lil-shop.com.ua/content/images/33/700x700l80mc0/45038478224289.webp,1,Колонки та акустичні системи,false,,,,female,adult,,new,TRUE,,,,,,TRUE,adults,,,,,,,,female,,,kg,,,draft,,,,
anua,Anua,,,,,,false,Title,Default Title,,,,,,,,,0.0,,0,deny,manual,,,true,true,,,,,,https://lil-shop.com.ua/content/images/22/800x800l80mc0/zvolozhuiucha-syrovatka-anua-heartleaf-80-soothing-ampoule-30ml-71235933533437.webp,1,Anua,false,,,,female,adult,,new,TRUE,,,,,,TRUE,adults,,,,,,,,female,,,kg,,,draft,,,,
sportyvni-riukzaky-sumky-sumka-zhinocha,Спортивні рюкзаки сумки сумка жіноча,,,"Apparel & Accessories > Handbags, Wallets & Cases > Handbags",Handbags,,false,Title,Default Title,,,,,,,,,0.0,,0,deny,manual,,,true,true,,,,,,https://lil-shop.com.ua/content/images/36/1280x1280l80mc0/22787097230803.webp,1,Спортивні рюкзаки сумки,false,,,3032,female,adult,,new,TRUE,,,,,,TRUE,adults,handle,,,,,,,female,,,kg,,,draft,,,,
veloaksesuary,Велоаксесуари,,,,,,false,Title,Default Title,,,,,,,,,0.0,,0,deny,manual,,,true,true,,,,,,https://lil-shop.com.ua/content/images/37/800x800l80mc0/62424271228217.webp,1,Велоаксесуари,false,,,,female,adult,,new,TRUE,,,,,,TRUE,adults,,,,,,,,female,,,kg,,,draft,,,,
vse-dlia-rybolovli,Все для риболовлі,,,,,,false,Title,Default Title,,,,,,,,,0.0,,0,deny,manual,,,true,true,,,,,,https://lil-shop.com.ua/content/images/38/845x845l80mc0/35485010123079.webp,1,Все для риболовлі,false,,,,female,adult,,new,TRUE,,,,,,TRUE,adults,,,,,,,,female,,,kg,,,draft,,,,
ventyliatory,Вентилятори,,,,,,false,Title,Default Title,,,,,,,,,0.0,,0,deny,manual,,,true,true,,,,,,https://lil-shop.com.ua/content/images/39/1001x1001l80mc0/80322836885012.webp,1,Вентилятори,false,,,,female,adult,,new,TRUE,,,,,,TRUE,adults,,,,,,,,female,,,kg,,,draft,,,,
likhtari,Ліхтарі,,,,,,false,Title,Default Title,,,,,,,,,0.0,,0,deny,manual,,,true,true,,,,,,https://lil-shop.com.ua/content/images/40/896x918l80mc0/23262066157492.webp,1,Ліхтарі,false,,,,female,adult,,new,TRUE,,,,,,TRUE,adults,,,,,,,,female,,,kg,,,draft,,,,
akumuliatory-ta-zariadni-prystroi,Акумулятори та зарядні пристрої,,,,,,false,Title,Default Title,,,,,,,,,0.0,,0,deny,manual,,,true,true,,,,,,https://lil-shop.com.ua/content/images/25/630x630l80mc0/47882473110232.webp,1,Акумулятори та зарядні пристрої,false,,,,female,adult,,new,TRUE,,,,,,TRUE,adults,,,,,,,,female,,,kg,,,draft,,,,
instrumenty,Інструменти,,,,,,false,Title,Default Title,,,,,,,,,0.0,,0,deny,manual,,,true,true,,,,,,https://lil-shop.com.ua/content/images/34/800x800l80mc0/35205576686395.webp,1,Інструменти,false,,,,female,adult,,new,TRUE,,,,,,TRUE,adults,,,,,,,,female,,,kg,,,draft,,,,
huby,Губи,,,,,,false,Title,Default Title,,,,,,,,,0.0,,0,deny,manual,,,true,true,,,,,,https://lil-shop.com.ua/content/images/45/900x900l80mc0/18676614378364.webp,1,Губи,false,,,,female,adult,,new,TRUE,,,,,,TRUE,adults,,,,,,,,female,,,kg,,,draft,,,,
ochi,Очі,,,,,,false,Title,Default Title,,,,,,,,,0.0,,0,deny,manual,,,true,true,,,,,,https://lil-shop.com.ua/content/images/50/225x225l80mc0/19420737983322.webp,1,Очі,false,,,,female,adult,,new,TRUE,,,,,,TRUE,adults,,,,,,,,female,,,kg,,,draft,,,,
oblychchia,Обличчя,,,,,,false,Title,Default Title,,,,,,,,,0.0,,0,deny,manual,,,true,true,,,,,,https://lil-shop.com.ua/content/images/3/262x192l80mc0/45579887934214.webp,1,Обличчя,false,,,,female,adult,,new,TRUE,,,,,,TRUE,adults,,,,,,,,female,,,kg,,,draft,,,,
penzly-dlia-makiiazhu,Пензли для макіяжу,,,,,,false,Title,Default Title,,,,,,,,,0.0,,0,deny,manual,,,true,true,,,,,,https://lil-shop.com.ua/content/images/9/630x630l80mc0/42739460204871.webp,1,Пензли для макіяжу,false,,,,female,adult,,new,TRUE,,,,,,TRUE,adults,,,,,,,,female,,,kg,,,draft,,,,
blysky-dlia-hub,Блиски для губ,,,,,,false,Title,Default Title,,,,,,,,,0.0,,0,deny,manual,,,true,true,,,,,,https://lil-shop.com.ua/content/images/1/996x1038l80mc0/blysk-dlia-hub-gloss-bomb-universal-lip-luminizer-fenty-glow-33591340940514.webp,1,Блиски для губ,false,,,,female,adult,,new,TRUE,,,,,,TRUE,adults,,,,,,,,female,,,kg,,,draft,,,,
balzamy-dlia-hub,Бальзами для губ,,,Health & Beauty > Personal Care > Cosmetics,Cosmetics,,false,Title,Default Title,,,,,,,,,0.0,,0,deny,manual,,,true,true,,,,,,https://lil-shop.com.ua/content/images/19/600x600l80mc0/balzam-z-tintom-rhode-peptide-lip-tint-raspberry-jelly-10ml-59876748159092.webp,1,Бальзами для губ,false,,,2915,female,adult,,new,TRUE,,,,,,TRUE,adults,,,,,,,,female,,,kg,,,draft,,,,
oliika-dlia-hub,Олійка для губ,,,,,,false,Title,Default Title,,,,,,,,,0.0,,0,deny,manual,,,true,true,,,,,,https://lil-shop.com.ua/content/images/14/400x500l80mc0/dior-addict-lip-glow-oil-oliia-dlia-hub-001-13168465110396.webp,1,Олійка для губ,false,,,,female,adult,,new,TRUE,,,,,,TRUE,adults,,,,,,,,female,,,kg,,,draft,,,,
olivtsi-dlia-hub,Олівці для губ,,,,,,false,Title,Default Title,,,,,,,,,0.0,,0,deny,manual,,,true,true,,,,,,https://lil-shop.com.ua/content/images/2/1500x1500l80mc0/konturnyi-olivets-dlia-hub-rhode-peptide-lip-shape-stretch-98576261965888.webp,1,Олівці для губ,false,,,,female,adult,,new,TRUE,,,,,,TRUE,adults,,,,,,,,female,,,kg,,,draft,,,,
tini-dlia-povik,Тіні для повік,,,,,,false,Title,Default Title,,,,,,,,,0.0,,0,deny,manual,,,true,true,,,,,,https://lil-shop.com.ua/content/images/13/1063x1063l80mc0/nyx-professional-paletka-tinei-ultimate-16-vidtinkiv-04w-warm-neutrals-98157405341796.webp,1,Тіні для повік,false,,,,female,adult,,new,TRUE,,,,,,TRUE,adults,,,,,,,,female,,,kg,,,draft,,,,
tush-dlia-vii,Туш для вій,,,Health & Beauty > Personal Care > Cosmetics,Cosmetics,,false,Title,Default Title,,,,,,,,,0.0,,0,deny,manual,,,true,true,,,,,,https://lil-shop.com.ua/content/images/50/600x600l80mc0/3ml-revitabrow-advanced-syrovatka-dlia-rostu-briv-61074207028964.webp,1,Туш для вій,false,,,2915,female,adult,,new,TRUE,,,,,,TRUE,adults,,,,,,,,female,,,kg,,,draft,,,,
bb-cc-kremy,Bb-cc Креми,,,Health & Beauty > Personal Care > Cosmetics,Cosmetics,,false,Title,Default Title,,,,,,,,,0.0,,0,deny,manual,,,true,true,,,,,,https://lil-shop.com.ua/content/images/5/390x390l80mc0/stiikyi-bb-krem-balzam-z-matovym-efektom-dr.ceuracle-recovery-spf-28-pa-45ml-70439076110325.webp,1,Bb-cc Креми,false,,,2915,female,adult,,new,TRUE,,,,,,TRUE,adults,,,,,,,,female,,,kg,,,draft,,,,
konsyllery-korektory-kushony,"Консиллери, коректори, кушони",,,,,,false,Title,Default Title,,,,,,,,,0.0,,0,deny,manual,,,true,true,,,,,,https://lil-shop.com.ua/content/images/37/1000x1000l80mc0/konsyler-tarte-shape-tape-contour-concealer-20b-light-29693226878509.webp,1,"Консиллери, коректори, кушони",false,,,,female,adult,,new,TRUE,,,,,,TRUE,adults,,,,,,,,female,,,kg,,,draft,,,,
pudry,Пудри,,,Health & Beauty > Personal Care > Cosmetics,Cosmetics,,false,Title,Default Title,,,,,,,,,0.0,,0,deny,manual,,,true,true,,,,,,https://lil-shop.com.ua/content/images/2/1280x1280l80mc0/elegance-la-poudre-haute-nuance-01-stiika-pudra-dlia-oblychchia-27g-95541467097747.webp,1,Пудри,false,,,2915,female,adult,,new,TRUE,,,,,,TRUE,adults,,,,,,,,female,,,kg,,,draft,,,,
khailaitery,Хайлайтери,,,,,,false,Title,Default Title,,,,,,,,,0.0,,0,deny,manual,,,true,true,,,,,,https://lil-shop.com.ua/content/images/37/1280x1280l80mc0/ridkyi-khailaiter-rare-beauty-positive-light-liquid-luminizer-enchant-15-ml-60956111488083.webp,1,Хайлайтери,false,,,,female,adult,,new,TRUE,,,,,,TRUE,adults,,,,,,,,female,,,kg,,,draft,,,,
rumiana,Рум'яна,,,,,,false,Title,Default Title,,,,,,,,,0.0,,0,deny,manual,,,true,true,,,,,,https://lil-shop.com.ua/content/images/39/1284x1605l80mc0/rumiana-peptydni-kremovi-rhode-pocket-blush-juice-box-86471484829067.webp,1,Рум'яна,false,,,,female,adult,,new,TRUE,,,,,,TRUE,adults,,,,,,,,female,,,kg,,,draft,,,,
kremy-ta-heli,Креми та гелі,,,Health & Beauty > Personal Care > Cosmetics,Cosmetics,,false,Title,Default Title,,,,,,,,,0.0,,0,deny,manual,,,true,true,,,,,,https://lil-shop.com.ua/content/images/11/1024x1024l80mc0/38710415259960.webp,1,Креми та гелі,false,,,2915,female,adult,,new,TRUE,,,,,,TRUE,adults,,,,,,,,female,,,kg,,,draft,,,,
zona-navkolo-ochei,Зона навколо очей,,,,,,false,Title,Default Title,,,,,,,,,0.0,,0,deny,manual,,,true,true,,,,,,https://lil-shop.com.ua/content/images/15/996x664l80mc0/44497963546594.webp,1,Зона навколо очей,false,,,,female,adult,,new,TRUE,,,,,,TRUE,adults,,,,,,,,female,,,kg,,,draft,,,,
masky-ta-pedy-dlia-oblychchia,Маски та педи для обличчя,,,Health & Beauty > Personal Care > Cosmetics,Cosmetics,,false,Title,Default Title,,,,,,,,,0.0,,0,deny,manual,,,true,true,,,,,,https://lil-shop.com.ua/content/images/19/801x1000l80mc0/94408013982468.webp,1,Маски та педи для обличчя,false,,,2915,female,adult,,new,TRUE,,,,,,TRUE,adults,,,,,,,,female,,,kg,,,draft,,,,
syrovatky-ta-ampuly,Сироватки та ампули,,,Health & Beauty > Personal Care > Cosmetics,Cosmetics,,false,Title,Default Title,,,,,,,,,0.0,,0,deny,manual,,,true,true,,,,,,https://lil-shop.com.ua/content/images/22/225x225l80mc0/64641747425288.webp,1,Сироватки та ампули,false,,,2915,female,adult,,new,TRUE,,,,,,TRUE,adults,,,,,,,,female,,,kg,,,draft,,,,
zasoby-dlia-ochyshchennia,Засоби для очищення,,,,,,false,Title,Default Title,,,,,,,,,0.0,,0,deny,manual,,,true,true,,,,,,https://lil-shop.com.ua/content/images/28/800x800l80mc0/35481611072723.webp,1,Засоби для очищення,false,,,,female,adult,,new,TRUE,,,,,,TRUE,adults,,,,,,,,female,,,kg,,,draft,,,,
potreby-shkiry,Потреби шкіри,,,,,,false,Title,Default Title,,,,,,,,,0.0,,0,deny,manual,,,true,true,,,,,,https://lil-shop.com.ua/content/images/34/916x1000l80mc0/38428737429224.webp,1,Потреби шкіри,false,,,,female,adult,,new,TRUE,,,,,,TRUE,adults,,,,,,,,female,,,kg,,,draft,,,,
sontsezakhysni-zasoby,Сонцезахисні засоби,,,,,,false,Title,Default Title,,,,,,,,,0.0,,0,deny,manual,,,true,true,,,,,,https://lil-shop.com.ua/content/images/44/1000x667l80mc0/78795577073420.webp,1,Сонцезахисні засоби,false,,,,female,adult,,new,TRUE,,,,,,TRUE,adults,,,,,,,,female,,,kg,,,draft,,,,
zvolozhuvalni,Зволожувальні,,,,,,false,Title,Default Title,,,,,,,,,0.0,,0,deny,manual,,,true,true,,,,,,https://lil-shop.com.ua/content/images/26/1080x1080l80mc0/zvolozhuiuchyi-krem-dlia-oblychchia-la-mer-the-moisturizing-cream-60-ml-49795685594321.webp,1,Зволожувальні,false,,,,female,adult,,new,TRUE,,,,,,TRUE,adults,,,,,,,,female,,,kg,,,draft,,,,
antyvikovi,Антивікові,,,,,,false,Title,Default Title,,,,,,,,,0.0,,0,deny,manual,,,true,true,,,,,,https://lil-shop.com.ua/content/images/6/400x400l80mc0/centellian24-the-madeca-cream-season6-bahatofunktsionalnyi-antyvikovyi-krem-45ml-72337466721322.webp,1,Антивікові,false,,,,female,adult,,new,TRUE,,,,,,TRUE,adults,,,,,,,,female,,,kg,,,draft,,,,
kremy,Креми,,,Health & Beauty > Personal Care > Cosmetics,Cosmetics,,false,Title,Default Title,,,,,,,,,0.0,,0,deny,manual,,,true,true,,,,,,https://lil-shop.com.ua/content/images/1/500x500l80mc0/kolahenovyi-hel-navkolo-ochei-tocobo-collagen-brightening-eye-gel-cream-42337467305049.webp,1,Креми,false,,,2915,female,adult,,new,TRUE,,,,,,TRUE,adults,,,,,,,,female,,,kg,,,draft,,,,
patchi,Патчі,,,,,,false,Title,Default Title,,,,,,,,,0.0,,0,deny,manual,,,true,true,,,,,,https://lil-shop.com.ua/content/images/18/1024x1024l80mc0/kolahenovi-patchi-silulan-dlia-shkiry-navkolo-ochei-proty-zmorshok-ta-nabriakiv-5-par-45050273724710.webp,1,Патчі,false,,,,female,adult,,new,TRUE,,,,,,TRUE,adults,,,,,,,,female,,,kg,,,draft,,,,
syrovatka,Сироватка,,,Health & Beauty > Personal Care > Cosmetics,Cosmetics,,false,Title,Default Title,,,,,,,,,0.0,,0,deny,manual,,,true,true,,,,,,https://lil-shop.com.ua/content/images/9/600x600l80mc0/estee-lauder-anr-eye-concentrate-matrix-omolodzhuvalnyi-dohliad-dlia-shkiry-navkolo-ochei-15ml-68224068447595.webp,1,Сироватка,false,,,2915,female,adult,,new,TRUE,,,,,,TRUE,adults,,,,,,,,female,,,kg,,,draft,,,,
zhyvylni-ta-zvolozhuvalni,Живильні та зволожувальні,,,,,,false,Title,Default Title,,,,,,,,,0.0,,0,deny,manual,,,true,true,,,,,,https://lil-shop.com.ua/content/images/36/1080x1120l80mc0/zvolozhuiuchi-kolahenovi-pady-dlia-oblychchia-biodance-collagen-gel-toner-pads-60sht-58464449758575.webp,1,Живильні та зволожувальні,false,,,,female,adult,,new,TRUE,,,,,,TRUE,adults,,,,,,,,female,,,kg,,,draft,,,,
hidrohelevi,Гідрогелеві,,,,,,false,Title,Default Title,,,,,,,,,0.0,,0,deny,manual,,,true,true,,,,,,https://lil-shop.com.ua/content/images/45/1000x1000l80mc0/maska-hidroheleva-z-kolahenom-biodance-bio-collagen-real-deep-mask-57891938294814.webp,1,Гідрогелеві,false,,,,female,adult,,new,TRUE,,,,,,TRUE,adults,,,,,,,,female,,,kg,,,draft,,,,
z-vitaminom-s,З вітаміном С,,,,,,false,Title,Default Title,,,,,,,,,0.0,,0,deny,manual,,,true,true,,,,,,https://lil-shop.com.ua/content/images/17/195x630l80mc0/la-roche-posay-pure-vitamin-c10-syrovatka-antyoksydant-proty-zmorshok-dlia-vidnovlennia-shkiry-oblychchia-30-ml-14381565333304.webp,1,З вітаміном С,false,,,,female,adult,,new,TRUE,,,,,,TRUE,adults,,,,,,,,female,,,kg,,,draft,,,,
z-retynolom,З ретинолом,,,,,,false,Title,Default Title,,,,,,,,,0.0,,0,deny,manual,,,true,true,,,,,,https://lil-shop.com.ua/content/images/15/750x700l80mc0/la-roche-posay-retinol-b3-serum-syrovatka-proty-zmorshok-z-retynolom-30ml-11184830109498.webp,1,З ретинолом,false,,,,female,adult,,new,TRUE,,,,,,TRUE,adults,,,,,,,,female,,,kg,,,draft,,,,
proty-pihmentatsii,Проти пігментації,,,,,,false,Title,Default Title,,,,,,,,,0.0,,0,deny,manual,,,true,true,,,,,,https://lil-shop.com.ua/content/images/37/1010x1069l80mc0/syrovatka-dlia-oblychchia-la-roche-posay-pure-niacinamide-10-serum-72722839118468.webp,1,Проти пігментації,false,,,,female,adult,,new,TRUE,,,,,,TRUE,adults,,,,,,,,female,,,kg,,,draft,,,,
antyvikovi-2,Антивікові,,,,,,false,Title,Default Title,,,,,,,,,0.0,,0,deny,manual,,,true,true,,,,,,https://lil-shop.com.ua/content/images/17/800x1011l80mc0/syrovatka-dlia-oblychchia-la-roche-posay-effaclar-daily-skin-renewal-serum-30ml-19626486072483.webp,1,Антивікові,false,,,,female,adult,,new,TRUE,,,,,,TRUE,adults,,,,,,,,female,,,kg,,,draft,,,,
pinka-dlia-vmyvannia,Пінка для вмивання,,,,,,false,Title,Default Title,,,,,,,,,0.0,,0,deny,manual,,,true,true,,,,,,https://lil-shop.com.ua/content/images/23/700x700l80mc0/156ml-panoxyl-acne-foaming-wash-hel-pinka-dlia-chutlyvoi-ta-problemnoi-shkiry-z-akne-19561877194385.webp,1,Пінка для вмивання,false,,,,female,adult,,new,TRUE,,,,,,TRUE,adults,,,,,,,,female,,,kg,,,draft,,,,
hel-dlia-vmyvannia,Гель для вмивання,,,Health & Beauty > Personal Care > Cosmetics,Cosmetics,,false,Title,Default Title,,,,,,,,,0.0,,0,deny,manual,,,true,true,,,,,,https://lil-shop.com.ua/content/images/3/388x600l80mc0/skin1004-madagascar-centella-tone-brightening-cleansing-gel-foam-osvitliuiuchyi-hel-pinka-dlia-vmyvannia-z-tsenteloiu-125ml-71127830164614.webp,1,Гель для вмивання,false,,,2915,female,adult,,new,TRUE,,,,,,TRUE,adults,,,,,,,,female,,,kg,,,draft,,,,
hidrofylna-oliia,Гідрофильна олія,,,,,,false,Title,Default Title,,,,,,,,,0.0,,0,deny,manual,,,true,true,,,,,,https://lil-shop.com.ua/content/images/45/1800x1800l80mc0/ochyshchuvalna-hidrofilna-oliia-medicube-zero-pore-blackhead-deep-cleansing-oil-lha-ta-niatsynamid-150ml-95294052613319.webp,1,Гідрофильна олія,false,,,,female,adult,,new,TRUE,,,,,,TRUE,adults,,,,,,,,female,,,kg,,,draft,,,,
molochko-dlia-ochyshchennia,Молочко для очищення,,,,,,false,Title,Default Title,,,,,,,,,0.0,,0,deny,manual,,,true,true,,,,,,https://lil-shop.com.ua/content/images/48/500x500l80mc0/32889521080825.webp,1,Молочко для очищення,false,,,,female,adult,,new,TRUE,,,,,,TRUE,adults,,,,,,,,female,,,kg,,,draft,,,,
tonik-eksfoliat,Тонік ексфоліат,,,Health & Beauty > Personal Care > Cosmetics,Cosmetics,,false,Title,Default Title,,,,,,,,,0.0,,0,deny,manual,,,true,true,,,,,,https://lil-shop.com.ua/content/images/24/1500x1500l80mc0/tonik-dlia-problemnoi-shkiry-exfoliate-paulas-choice-iz-salitsylovoiu-kyslotoiu-2-118ml-60428301325264.webp,1,Тонік ексфоліат,false,,,2915,female,adult,,new,TRUE,,,,,,TRUE,adults,,,,,,,,female,,,kg,,,draft,,,,
shampuni,Шампуні,,,Health & Beauty > Personal Care > Cosmetics,Cosmetics,,false,Title,Default Title,,,,,,,,,0.0,,0,deny,manual,,,true,true,,,,,,https://lil-shop.com.ua/content/images/36/595x700l80mc0/84792797635563.webp,1,Шампуні,false,,,2915,female,adult,,new,TRUE,,,,,,TRUE,adults,,,,,,,,female,,,kg,,,draft,,,,
kondytsionery-ta-masky,Кондиціонери та маски,,,Health & Beauty > Personal Care > Cosmetics,Cosmetics,,false,Title,Default Title,,,,,,,,,0.0,,0,deny,manual,,,true,true,,,,,,https://lil-shop.com.ua/content/images/12/509x515l80mc0/50ml-k18-maska-dlia-volossia-leave-in-molecular-repair-hair-mask-43210506973965.webp,1,Кондиціонери та маски,false,,,2915,female,adult,,new,TRUE,,,,,,TRUE,adults,,,,,,,,female,,,kg,,,draft,,,,
oliika-dlia-volossia,Олійка для волосся,,,,,,false,Title,Default Title,,,,,,,,,0.0,,0,deny,manual,,,true,true,,,,,,https://lil-shop.com.ua/content/images/18/1000x1000l80mc0/olaplex-no.7-bonding-oil-30ml-vidnovliuiucha-oliia-dlia-volossia-43019718400082.webp,1,Олійка для волосся,false,,,,female,adult,,new,TRUE,,,,,,TRUE,adults,,,,,,,,female,,,kg,,,draft,,,,
sprei-dlia-volossia,Спреї для волосся,,,,,,false,Title,Default Title,,,,,,,,,0.0,,0,deny,manual,,,true,true,,,,,,https://lil-shop.com.ua/content/images/8/1500x1500l80mc0/sprei-parfumovanyi-dlia-tila-ta-volossia-sol-de-janeirobrazilian-crush-cheirosa-71-90-ml-73260098762614.webp,1,Спреї для волосся,false,,,,female,adult,,new,TRUE,,,,,,TRUE,adults,,,,,,,,female,,,kg,,,draft,,,,
heli-ta-losiony,Гелі та лосьйони,,,,,,false,Title,Default Title,,,,,,,,,0.0,,0,deny,manual,,,true,true,,,,,,https://lil-shop.com.ua/content/images/32/630x630l80mc0/la-mer-the-treatment-lotion-losion-dlia-dohliadu-za-shkiroiu-30ml-13881267600703.webp,1,Гелі та лосьйони,false,,,,female,adult,,new,TRUE,,,,,,TRUE,adults,,,,,,,,female,,,kg,,,draft,,,,
sprei-dlia-tila,Спреї для тіла,,,,,,false,Title,Default Title,,,,,,,,,0.0,,0,deny,manual,,,true,true,,,,,,https://lil-shop.com.ua/content/images/2/1800x1103l80mc0/nabir-aromativ-brazilian-crush-cheirosa-6271rio-sprei-dlia-tila-ta-volossia-brazilian-crush-cheirosa-49536280110337.webp,1,Спреї для тіла,false,,,,female,adult,,new,TRUE,,,,,,TRUE,adults,,,,,,,,female,,,kg,,,draft,,,,
krem-dlia-tila,Крем для тіла,,,Health & Beauty > Personal Care > Cosmetics,Cosmetics,,false,Title,Default Title,,,,,,,,,0.0,,0,deny,manual,,,true,true,,,,,,https://lil-shop.com.ua/content/images/21/1200x630l80mc0/krem-dlia-tila-brazilian-bum-sol-de-janeiro-75ml-38934533931936.webp,1,Крем для тіла,false,,,2915,female,adult,,new,TRUE,,,,,,TRUE,adults,,,,,,,,female,,,kg,,,draft,,,,
pomady-ta-balzamy-dlia-hub,Помади та бальзами для губ,,,Health & Beauty > Personal Care > Cosmetics,Cosmetics,,false,Title,Default Title,,,,,,,,,0.0,,0,deny,manual,,,true,true,,,,,,https://lil-shop.com.ua/content/images/46/1500x1000l80mc0/12967449564345.webp,1,Помади та бальзами для губ,false,,,2915,female,adult,,new,TRUE,,,,,,TRUE,adults,,,,,,,,female,,,kg,,,draft,,,,
sprei-dlia-tila-ta-volossia,Спреї для тіла та волосся,,,,,,false,Title,Default Title,,,,,,,,,0.0,,0,deny,manual,,,true,true,,,,,,https://lil-shop.com.ua/content/images/47/1500x1500l80mc0/82587363135382.webp,1,Спреї для тіла та волосся,false,,,,female,adult,,new,TRUE,,,,,,TRUE,adults,,,,,,,,female,,,kg,,,draft,,,,
dohliadovi-nabory,Доглядові набори,,,,,,false,Title,Default Title,,,,,,,,,0.0,,0,deny,manual,,,true,true,,,,,,https://lil-shop.com.ua/content/images/48/1000x1000l80mc0/41957515129175.webp,1,Доглядові набори,false,,,,female,adult,,new,TRUE,,,,,,TRUE,adults,,,,,,,,female,,,kg,,,draft,,,,
nabory-parfumiv,Набори парфумів,,,Health & Beauty > Personal Care > Cosmetics > Perfume & Cologne,Perfume,,false,Title,Default Title,,,,,,,,,0.0,,0,deny,manual,,,true,true,,,,,,https://lil-shop.com.ua/content/images/49/508x491l80mc0/52629158873351.webp,1,Набори парфумів,false,,,479,female,adult,,new,TRUE,,,,,,TRUE,adults,,,,,,,,female,,,kg,,,draft,,,,
nabory-penzliv-dlia-makiiazhu,Набори пензлів для макіяжу,,,,,,false,Title,Default Title,,,,,,,,,0.0,,0,deny,manual,,,true,true,,,,,,https://lil-shop.com.ua/content/images/50/630x630l80mc0/41288408830248.webp,1,Набори пензлів для макіяжу,false,,,,female,adult,,new,TRUE,,,,,,TRUE,adults,,,,,,,,female,,,kg,,,draft,,,,
kosmetychky-ta-aksesuary-sumka-zhinocha,Косметички та аксесуари сумка жіноча,,,"Apparel & Accessories > Handbags, Wallets & Cases > Handbags",Handbags,,false,Title,Default Title,,,,,,,,,0.0,,0,deny,manual,,,true,true,,,,,,https://lil-shop.com.ua/content/images/5/500x500l80mc0/84032071373837.webp,1,Косметички та аксесуари,false,,,3032,female,adult,,new,TRUE,,,,,,TRUE,adults,handle,,,,,,,female,,,kg,,,draft,,,,
interierni-svichky,Інтерʼєрні свічки,,,,,,false,Title,Default Title,,,,,,,,,0.0,,0,deny,manual,,,true,true,,,,,,https://lil-shop.com.ua/content/images/2/1439x1200l80mc0/46837915370455.webp,1,Інтерʼєрні свічки,false,,,,female,adult,,new,TRUE,,,,,,TRUE,adults,,,,,,,,female,,,kg,,,draft,,,,
podarunkovi-nabory-svichok,Подарункові набори свічок,,,,,,false,Title,Default Title,,,,,,,,,0.0,,0,deny,manual,,,true,true,,,,,,https://lil-shop.com.ua/content/images/3/856x656l80mc0/17319949087054.webp,1,Подарункові набори свічок,false,,,,female,adult,,new,TRUE,,,,,,TRUE,adults,,,,,,,,female,,,kg,,,draft,,,,
sprei-parfumovanyi-dlia-tila-ta-volossia-sol-de-janeiro-rio-radiance-perfume-mis,Спрей парфумований для тіла та волосся Sol de Janeiro Rio Radiance Perfume Mist 90 ml,"<p><strong>Sol de Janeiro Rio Radiance Perfume Mist</strong> — це парфумований спрей для тіла, натхненний енергійною атмосферою сонячного Ріо-де-Жанейро. Він дарує відчуття тепла і радісного літнього дня, огортаючи шкіру стійким ароматом, що залишається надовго.</p>
<h3>Основні характеристики та інгредієнти</h3>
<ul>
<li><strong>Верхні ноти</strong>: Свіжі цитрусові, які створюють яскравий і енергійний початок аромату.</li>
<li><strong>Серцеві ноти</strong>: Екзотичні квіти, що надають аромату ніжності та витонченості.</li>
<li><strong>Базові ноти</strong>: Теплі акценти ванілі та бурштинової деревини, які залишають привабливий і тривалий шлейф.</li>
</ul>
<h3>Переваги</h3>
<ul>
<li><strong>Стійкий аромат</strong>: забезпечує тривалу дію, яка залишається на шкірі весь день.</li>
<li><strong>Легка текстура</strong>: спрей швидко вбирається, не залишаючи липкого ефекту.</li>
<li><strong>Універсальність</strong>: підходить для будь-якого часу доби, додаючи свіжості та яскравості.</li>
<li><strong>Компактний розмір</strong>: зручний флакон, що легко поміститься в сумочку.</li>
</ul>
<h3>Спосіб використання</h3>
<ol>
<li><strong>Нанесення</strong>: Розпиліть на чисту шкіру з відстані 15–20 см, уникаючи потрапляння в очі.</li>
<li><strong>Завершення</strong>: Зачекайте кілька секунд для повного вбирання. Наносьте на зап'ястя, шию, декольте чи інші зони, щоб відчути аромат.</li>
<li><strong>Повторне нанесення</strong>: Оновлюйте за потреби протягом дня.</li>
</ol>
<p>Sol de Janeiro Rio Radiance Perfume Mist – ідеальний вибір для тих, хто хоче додати до свого образу нотку екзотики та відчути впевненість і привабливість на весь день.</p>",,Health & Beauty > Personal Care > Cosmetics > Perfume & Cologne,Косметика,,false,Title,Default Title,,,,,,,,no-content,0.0,,0,deny,manual,799,,true,true,,,,,,https://lil-shop.com.ua/content/images/37/390x390l80mc0/sprei-parfumovanyi-dlia-tila-ta-volossia-sol-de-janeiro-rio-radiance-perfume-mist-90-ml-70923026042711.webp,1,Спрей парфумований для тіла та волосся Sol de Janeiro Rio Radiance Perfume Mist 90 ml,false,,,479,female,adult,no-content,new,FALSE,,,,,,FALSE,adults,,,,,,,,female,,,kg,,760,draft,,,,
sprei-parfumovanyi-dlia-tila-ta-volossia-sol-de-janeiro-rio-radiance-perfume-mis,,,,,,,,,,,,,,,,,,,,,,,,,,,,,,,,https://lil-shop.com.ua/content/images/37/390x390l80mc0/sprei-parfumovanyi-dlia-tila-ta-volossia-sol-de-janeiro-rio-radiance-perfume-mist-90-ml-22625774301625.webp,2,Спрей парфумований для тіла та волосся Sol de Janeiro Rio Radiance Perfume Mist 90 ml,,,,,,,,,,,,,,,,,,,,,,,,,,,,,,,,,,
sprei-parfumovanyi-dlia-tila-ta-volossia-sol-de-janeiro-rio-radiance-perfume-mis,,,,,,,,,,,,,,,,,,,,,,,,,,,,,,,,https://lil-shop.com.ua/content/images/37/700x700l80mc0/sprei-parfumovanyi-dlia-tila-ta-volossia-sol-de-janeiro-rio-radiance-perfume-mist-90-ml-70923026042711.webp,3,Спрей парфумований для тіла та волосся Sol de Janeiro Rio Radiance Perfume Mist 90 ml,,,,,,,,,,,,,,,,,,,,,,,,,,,,,,,,,,
blysk-dlia-hub-fenty-beauty-gloss-bomb-universal-lip-luminizer-fenty-glow-9ml,Блиск для губ Fenty Beauty Gloss Bomb Universal Lip Luminizer - Fenty Glow 9ml,"<p><strong>Fenty Beauty Gloss Bomb Universal Lip Luminizer</strong> – універсальний блиск для губ, створений, щоб підкреслити природну красу кожної. Його насичена, сяюча формула надає губам об’ємний ефект і робить їх візуально більш пухкими.</p>
<p> <strong>Ключові особливості:</strong></p>
<ul>
<li> Універсальні відтінки, що підходять для всіх тонів шкіри</li>
<li> Зволожувальний склад з маслом ши для м’якості та комфорту</li>
<li> Нелипка текстура, що створює глянцевий фініш</li>
<li> Приємний аромат персика та ванілі</li>
<li> Зручний аплікатор для легкого нанесення</li>
</ul>
<p>Блиск ідеально доповнює будь-який образ – від повсякденного до вечірнього, надаючи губам виразність і привабливе сяйво.</p>",Fenty Beauty,,Блиски для губ,,false,Title,Default Title,,,,,,,,no-content,0.0,,0,deny,manual,599,,true,true,,,,,,https://lil-shop.com.ua/content/images/1/374x390l80mc0/blysk-dlia-hub-gloss-bomb-universal-lip-luminizer-fenty-glow-33591340940514.webp,1,Блиск для губ Fenty Beauty Gloss Bomb Universal Lip Luminizer - Fenty Glow 9ml,false,,,,female,adult,no-content,new,FALSE,,,,,,FALSE,adults,,yellow,,,,,,female,,,kg,,589,draft,,,,
blysk-dlia-hub-fenty-beauty-gloss-bomb-universal-lip-luminizer-fenty-glow-9ml,,,,,,,,,,,,,,,,,,,,,,,,,,,,,,,,https://lil-shop.com.ua/content/images/1/387x390l80mc0/blysk-dlia-hub-gloss-bomb-universal-lip-luminizer-fenty-glow-13099499521487.webp,2,Блиск для губ Fenty Beauty Gloss Bomb Universal Lip Luminizer - Fenty Glow 9ml,,,,,,,,,,,,,,,,,,,,,,,,,,,,,,,,,,
blysk-dlia-hub-fenty-beauty-gloss-bomb-universal-lip-luminizer-fenty-glow-9ml,,,,,,,,,,,,,,,,,,,,,,,,,,,,,,,,https://lil-shop.com.ua/content/images/1/312x390l80mc0/blysk-dlia-hub-gloss-bomb-universal-lip-luminizer-fenty-glow-51825259419611.webp,3,Блиск для губ Fenty Beauty Gloss Bomb Universal Lip Luminizer - Fenty Glow 9ml,,,,,,,,,,,,,,,,,,,,,,,,,,,,,,,,,,
blysk-dlia-hub-fenty-beauty-gloss-bomb-universal-lip-luminizer-fenty-glow-9ml,,,,,,,,,,,,,,,,,,,,,,,,,,,,,,,,https://lil-shop.com.ua/content/images/1/996x1038l80mc0/blysk-dlia-hub-gloss-bomb-universal-lip-luminizer-fenty-glow-33591340940514.webp,4,Блиск для губ Fenty Beauty Gloss Bomb Universal Lip Luminizer - Fenty Glow 9ml,,,,,,,,,,,,,,,,,,,,,,,,,,,,,,,,,,
tint-dlia-hub-rare-beauty-soft-pinch-tinted-lip-oil-hope,Тінт для губ Rare Beauty Soft Pinch Tinted Lip Oil - Hope,"<p>Олія-тінт для губ Rare Beauty Soft Pinch Tinted Lip Oil — це поєднання догляду та краси. Вона додає губам природний відтінок, зволоження та легкий блиск, забезпечуючи м’якість і комфорт на весь день.</p>
<p>Soft Pinch Tinted Lip Oil представлена у різноманітних відтінках — від ніжних нюдових до насичених і яскравих, тож ви легко зможете підібрати колір відповідно до свого настрою та стилю. Цей продукт допоможе створити як ніжний денний образ, так і виразний вечірній лук.</p>
<p>Завдяки легкій текстурі олія-тінт чудово зливається з губами, не залишаючи липкості чи важкості. Вона зволожує, робить губи гладенькими та доглянутими, надаючи їм свіжого вигляду.</p>
<p>Компактний розмір дозволяє легко носити тінт із собою у сумочці чи косметичці, щоб швидко освіжити макіяж у будь-який момент.</p>",Rare Beauty,,Блиски для губ,,false,Title,Default Title,,,,,,,,no-content,0.0,,0,deny,manual,1099,,true,true,,,,,,https://lil-shop.com.ua/content/images/10/390x390l80mc0/tint-dlia-hub-rare-beauty-soft-pinch-tinted-lip-oil-hope-55545230580396.webp,1,Тінт для губ Rare Beauty Soft Pinch Tinted Lip Oil - Hope,false,,,,female,adult,no-content,new,FALSE,,,,,,FALSE,adults,,white,,,,,,female,,,kg,,1099,draft,,,,
tint-dlia-hub-rare-beauty-soft-pinch-tinted-lip-oil-hope,,,,,,,,,,,,,,,,,,,,,,,,,,,,,,,,https://lil-shop.com.ua/content/images/10/390x390l80mc0/tint-dlia-hub-rare-beauty-soft-pinch-tinted-lip-oil-hope-18423838788886.webp,2,Тінт для губ Rare Beauty Soft Pinch Tinted Lip Oil - Hope,,,,,,,,,,,,,,,,,,,,,,,,,,,,,,,,,,
tint-dlia-hub-rare-beauty-soft-pinch-tinted-lip-oil-hope,,,,,,,,,,,,,,,,,,,,,,,,,,,,,,,,https://lil-shop.com.ua/content/images/10/390x390l80mc0/tint-dlia-hub-rare-beauty-soft-pinch-tinted-lip-oil-hope-21817775073710.webp,3,Тінт для губ Rare Beauty Soft Pinch Tinted Lip Oil - Hope,,,,,,,,,,,,,,,,,,,,,,,,,,,,,,,,,,
tint-dlia-hub-rare-beauty-soft-pinch-tinted-lip-oil-hope,,,,,,,,,,,,,,,,,,,,,,,,,,,,,,,,https://lil-shop.com.ua/content/images/10/390x390l80mc0/tint-dlia-hub-rare-beauty-soft-pinch-tinted-lip-oil-hope-94883791044546.webp,4,Тінт для губ Rare Beauty Soft Pinch Tinted Lip Oil - Hope,,,,,,,,,,,,,,,,,,,,,,,,,,,,,,,,,,
tint-dlia-hub-rare-beauty-soft-pinch-tinted-lip-oil-hope,,,,,,,,,,,,,,,,,,,,,,,,,,,,,,,,https://lil-shop.com.ua/content/images/10/600x600l80mc0/tint-dlia-hub-rare-beauty-soft-pinch-tinted-lip-oil-hope-55545230580396.webp,5,Тінт для губ Rare Beauty Soft Pinch Tinted Lip Oil - Hope,,,,,,,,,,,,,,,,,,,,,,,,,,,,,,,,,,
balzam-dlia-hub-summer-fridays-lip-butter-balm-brown-sugar-15ml,Бальзам для губ Summer Fridays Lip Butter Balm - Brown Sugar 15ml,"<p>Бальзам для губ Summer Fridays Lip Butter Balm — справжній рятівник для сухих губ! Його унікальна формула з натуральними компонентами, такими як масло ши та насіння мурумури, чудово зволожує, заспокоює та відновлює шкіру. Ванільний аромат створює відчуття затишку та свіжості, а веганські воски надають губам м'якість і блиск без жирного шару. Такий бальзам ідеально підходить для щоденного догляду, особливо в холодну пору року, коли губи особливо потребують зволоження та захисту.</p>",Summer Fridays,Health & Beauty > Personal Care > Cosmetics,Бальзами для губ,,false,Title,Default Title,,,,,,,,no-content,0.0,,0,deny,manual,499,,true,true,,,,,,https://lil-shop.com.ua/content/images/8/390x390l80mc0/balzam-dlia-hub-summer-fridays-lip-butter-balm-brown-sugar-75168103762214.webp,1,Бальзам для губ Summer Fridays Lip Butter Balm - Brown Sugar 15ml,false,,,2915,female,adult,no-content,new,FALSE,,,,,,FALSE,adults,,beige,,,,,,female,,,kg,,489,draft,,,,
balzam-dlia-hub-summer-fridays-lip-butter-balm-brown-sugar-15ml,,,,,,,,,,,,,,,,,,,,,,,,,,,,,,,,https://lil-shop.com.ua/content/images/8/390x390l80mc0/balzam-dlia-hub-summer-fridays-lip-butter-balm-brown-sugar-94935871299443.webp,2,Бальзам для губ Summer Fridays Lip Butter Balm - Brown Sugar 15ml,,,,,,,,,,,,,,,,,,,,,,,,,,,,,,,,,,
balzam-dlia-hub-summer-fridays-lip-butter-balm-brown-sugar-15ml,,,,,,,,,,,,,,,,,,,,,,,,,,,,,,,,https://lil-shop.com.ua/content/images/8/395x390l80mc0/balzam-dlia-hub-summer-fridays-lip-butter-balm-brown-sugar-93831467476787.webp,3,Бальзам для губ Summer Fridays Lip Butter Balm - Brown Sugar 15ml,,,,,,,,,,,,,,,,,,,,,,,,,,,,,,,,,,
balzam-dlia-hub-summer-fridays-lip-butter-balm-brown-sugar-15ml,,,,,,,,,,,,,,,,,,,,,,,,,,,,,,,,https://lil-shop.com.ua/content/images/8/1800x1800l80mc0/balzam-dlia-hub-summer-fridays-lip-butter-balm-brown-sugar-75168103762214.webp,4,Бальзам для губ Summer Fridays Lip Butter Balm - Brown Sugar 15ml,,,,,,,,,,,,,,,,,,,,,,,,,,,,,,,,,,
oliika-dlia-hub-summer-fridays-dream-lip-oil-soft-mauve-4-5ml,Олійка для губ Summer Fridays Dream Lip Oil - Soft Mauve 4.5ml,"<p>Summer Fridays створили справжню мрію для ваших губ – <strong>Dream Oil</strong>. Ця ніжна олія має плюшеву текстуру та легко <strong>наноситься</strong>, залишаючи <strong>дзеркальний фініш</strong> із делікатним відтінком кольору. Її нелипка формула збагачена <strong>поживними компонентами</strong>, які забезпечують тривале зволоження та догляд.</p>
<p>До складу входить <strong>суміш із дев’яти рослинних олій</strong>, що інтенсивно живлять і пом’якшують шкіру, а також <strong>веганський колаген</strong>, який допомагає губам залишатися гладенькими та еластичними. Не обійшлося й без <strong>вітаміну Е</strong> – потужного антиоксиданту, що захищає від сухості, впливу навколишнього середовища (вітер, УФ-випромінювання, забруднення) та сприяє здоровому вигляду губ.</p>
<p>Dream Oil представлена у <strong>вишуканій палітрі відтінків</strong> – від спокусливих лілових до ніжно-рожевих, які дарують губам природний, свіжий вигляд. Ідеальний вибір для тих, хто цінує <strong>догляд, комфорт і стиль</strong> в одному продукті.</p>",Summer Fridays,,Олійка для губ,,false,Title,Default Title,,,,,,,,no-content,0.0,,0,deny,manual,599,,true,true,,,,,,https://lil-shop.com.ua/content/images/26/390x390l80mc0/oliika-dlia-hub-summer-fridays-dream-lip-oil-soft-mauve-83798386800838.webp,1,Олійка для губ Summer Fridays Dream Lip Oil - Soft Mauve 4.5ml,false,,,,female,adult,no-content,new,FALSE,,,,,,FALSE,adults,,pink,,,,,,female,,,kg,,549,draft,,,,
oliika-dlia-hub-summer-fridays-dream-lip-oil-soft-mauve-4-5ml,,,,,,,,,,,,,,,,,,,,,,,,,,,,,,,,https://lil-shop.com.ua/content/images/26/390x390l80mc0/oliika-dlia-hub-summer-fridays-dream-lip-oil-soft-mauve-25124021246831.webp,2,Олійка для губ Summer Fridays Dream Lip Oil - Soft Mauve 4.5ml,,,,,,,,,,,,,,,,,,,,,,,,,,,,,,,,,,
oliika-dlia-hub-summer-fridays-dream-lip-oil-soft-mauve-4-5ml,,,,,,,,,,,,,,,,,,,,,,,,,,,,,,,,https://lil-shop.com.ua/content/images/26/390x390l80mc0/oliika-dlia-hub-summer-fridays-dream-lip-oil-soft-mauve-64562079570797.webp,3,Олійка для губ Summer Fridays Dream Lip Oil - Soft Mauve 4.5ml,,,,,,,,,,,,,,,,,,,,,,,,,,,,,,,,,,
oliika-dlia-hub-summer-fridays-dream-lip-oil-soft-mauve-4-5ml,,,,,,,,,,,,,,,,,,,,,,,,,,,,,,,,https://lil-shop.com.ua/content/images/26/390x390l80mc0/oliika-dlia-hub-summer-fridays-dream-lip-oil-soft-mauve-64718603326458.webp,4,Олійка для губ Summer Fridays Dream Lip Oil - Soft Mauve 4.5ml,,,,,,,,,,,,,,,,,,,,,,,,,,,,,,,,,,
oliika-dlia-hub-summer-fridays-dream-lip-oil-soft-mauve-4-5ml,,,,,,,,,,,,,,,,,,,,,,,,,,,,,,,,https://lil-shop.com.ua/content/images/26/390x390l80mc0/oliika-dlia-hub-summer-fridays-dream-lip-oil-soft-mauve-70374880472109.webp,5,Олійка для губ Summer Fridays Dream Lip Oil - Soft Mauve 4.5ml,,,,,,,,,,,,,,,,,,,,,,,,,,,,,,,,,,
oliika-dlia-hub-summer-fridays-dream-lip-oil-soft-mauve-4-5ml,,,,,,,,,,,,,,,,,,,,,,,,,,,,,,,,https://lil-shop.com.ua/content/images/26/390x390l80mc0/oliika-dlia-hub-summer-fridays-dream-lip-oil-soft-mauve-95760673383514.webp,6,Олійка для губ Summer Fridays Dream Lip Oil - Soft Mauve 4.5ml,,,,,,,,,,,,,,,,,,,,,,,,,,,,,,,,,,
oliika-dlia-hub-summer-fridays-dream-lip-oil-soft-mauve-4-5ml,,,,,,,,,,,,,,,,,,,,,,,,,,,,,,,,https://lil-shop.com.ua/content/images/26/1000x1000l80mc0/oliika-dlia-hub-summer-fridays-dream-lip-oil-soft-mauve-83798386800838.webp,7,Олійка для губ Summer Fridays Dream Lip Oil - Soft Mauve 4.5ml,,,,,,,,,,,,,,,,,,,,,,,,,,,,,,,,,,
konturnyi-olivets-dlia-hub-rhode-peptide-lip-shape-stretch,Контурний олівець для губ Rhode Peptide Lip Shape - Stretch,"<p><strong>Rhode — Peptide Lip Shape</strong></p>
<p>Інноваційний <strong>контурний олівець для губ</strong>, який поєднує у собі:</p>
<ul>
<li>
<p>делікатний <strong>відтінок</strong>,</p>
</li>
<li>
<p><strong>доглядову формулу</strong> з пептидами,</p>
</li>
<li>
<p>і ефект <strong>спокусливого об’єму</strong>.</p>
</li>
</ul>
<h3> Основні переваги:</h3>
<ul>
<li>
<p><strong>Кремова текстура</strong> — легко наноситься та створює м’який, природний контур.</p>
</li>
<li>
<p><strong>Візуальне збільшення губ</strong> — губи виглядають більш об’ємними та привабливими.</p>
</li>
<li>
<p><strong>Зволоження та гладкість</strong> — доглядові компоненти роблять губи м’якими і доглянутими.</p>
</li>
<li>
<p><strong>Пептиди в складі</strong> — сприяють поліпшенню текстури шкіри губ.</p>
</li>
</ul>
<h3> Додатково:</h3>
<ul>
<li>
<p>На іншому кінці — <strong>силіконовий аплікатор</strong> для точного підчищення та корекції контуру.</p>
</li>
</ul>
<p><strong>Обʼєм:</strong> 0.75 г</p>",Rhode Cosmetics,,Олівці для губ,,false,Title,Default Title,,,,,,,,no-content,0.0,,0,deny,manual,799,,true,true,,,,,,https://lil-shop.com.ua/content/images/2/390x390l80mc0/konturnyi-olivets-dlia-hub-rhode-peptide-lip-shape-stretch-98576261965888.webp,1,Контурний олівець для губ Rhode Peptide Lip Shape - Stretch,false,,,,female,adult,no-content,new,FALSE,,,,,,FALSE,adults,,silver,,,,,,female,,,kg,,789,draft,,,,
konturnyi-olivets-dlia-hub-rhode-peptide-lip-shape-stretch,,,,,,,,,,,,,,,,,,,,,,,,,,,,,,,,https://lil-shop.com.ua/content/images/2/357x390l80mc0/konturnyi-olivets-dlia-hub-rhode-peptide-lip-shape-stretch-17785765135199.webp,2,Контурний олівець для губ Rhode Peptide Lip Shape - Stretch,,,,,,,,,,,,,,,,,,,,,,,,,,,,,,,,,,
konturnyi-olivets-dlia-hub-rhode-peptide-lip-shape-stretch,,,,,,,,,,,,,,,,,,,,,,,,,,,,,,,,https://lil-shop.com.ua/content/images/2/357x390l80mc0/konturnyi-olivets-dlia-hub-rhode-peptide-lip-shape-stretch-93268742301751.webp,3,Контурний олівець для губ Rhode Peptide Lip Shape - Stretch,,,,,,,,,,,,,,,,,,,,,,,,,,,,,,,,,,
konturnyi-olivets-dlia-hub-rhode-peptide-lip-shape-stretch,,,,,,,,,,,,,,,,,,,,,,,,,,,,,,,,https://lil-shop.com.ua/content/images/2/390x390l80mc0/konturnyi-olivets-dlia-hub-rhode-peptide-lip-shape-stretch-28377166352426.webp,4,Контурний олівець для губ Rhode Peptide Lip Shape - Stretch,,,,,,,,,,,,,,,,,,,,,,,,,,,,,,,,,,
konturnyi-olivets-dlia-hub-rhode-peptide-lip-shape-stretch,,,,,,,,,,,,,,,,,,,,,,,,,,,,,,,,https://lil-shop.com.ua/content/images/2/640x272l80mc0/konturnyi-olivets-dlia-hub-rhode-peptide-lip-shape-stretch-51536027419743.webp,5,Контурний олівець для губ Rhode Peptide Lip Shape - Stretch,,,,,,,,,,,,,,,,,,,,,,,,,,,,,,,,,,
konturnyi-olivets-dlia-hub-rhode-peptide-lip-shape-stretch,,,,,,,,,,,,,,,,,,,,,,,,,,,,,,,,https://lil-shop.com.ua/content/images/2/1500x1500l80mc0/konturnyi-olivets-dlia-hub-rhode-peptide-lip-shape-stretch-98576261965888.webp,6,Контурний олівець для губ Rhode Peptide Lip Shape - Stretch,,,,,,,,,,,,,,,,,,,,,,,,,,,,,,,,,,
palitra-khailaiteriv-dlia-oblychchia-dior-backstage-glow-face-palette-001-univer,"Палітра хайлайтерів для обличчя — Dior Backstage Glow Face Palette 001 Universal, 10g","<p><strong>Dior Backstage Glow Face Palette</strong> — культова палітра хайлайтерів для створення бездоганного сяйва у стилі backstage. Чотири гармонійно підібрані відтінки з високою пігментацією та делікатним шиммером дозволяють моделювати світло на обличчі — від м’якого природного підсвічування до виразного глянцевого блиску.</p>
<p>Ультратонка текстура легко наноситься та розтушовується, не підкреслює текстуру шкіри й нашаровується без ефекту обтяження. Відтінки можна використовувати окремо або змішувати для досягнення індивідуального результату.</p>
<h3>Переваги:</h3>
<ul>
<li>
<p>Підкреслює вилиці, спинку носа та контури обличчя, розставляючи сяючі акценти</p>
</li>
<li>
<p>Освіжає образ, візуально усуває ознаки втоми та тьмяності</p>
</li>
<li>
<p>Створює ефект здорової, доглянутої шкіри</p>
</li>
<li>
<p>Має високу стійкість — макіяж залишається бездоганним протягом усього дня</p>
</li>
<li>
<p>Підходить для повсякденного та святкового макіяжу</p>
</li>
</ul>
<h2>Відтінки:</h2>
<ul>
<li>
<p><strong>001 Universal</strong> — універсальна палітра для природного багатовимірного сяйва</p>
</li>
<li>
<p><strong>002 Glitz</strong> — сяючі відтінки з ефектом яскравого, глянцевого блиску</p>
</li>
<li>
<p><strong>003 Pure Gold</strong> — розкішні золотисті тони для теплого, сонячного сяйва</p>
</li>
<li>
<p><strong>004 Rose Gold</strong> — ніжні рожево-золоті відтінки для делікатного романтичного підсвічування</p>
</li>
</ul>
<p><strong>Dior Backstage Glow Face Palette</strong> стане незамінною частиною вашої косметички, додаючи макіяжу вишуканого професійного фінішу з ефектом розкішного сяйва.</p>",Dior,,Хайлайтери,,false,Title,Default Title,,,,,,,,no-content,0.0,,0,deny,manual,2199,,true,true,,,,,,https://lil-shop.com.ua/content/images/47/390x390l80mc0/palitra-khailaiteriv-dlia-oblychchia-dior-backstage-glow-face-palette-001-universal-10g-83055883802753.webp,1,"Палітра хайлайтерів для обличчя — Dior Backstage Glow Face Palette 001 Universal, 10g",false,,,,female,adult,no-content,new,FALSE,,,,,,FALSE,adults,,green,,,,,,female,,,kg,,2189,draft,,,,
palitra-khailaiteriv-dlia-oblychchia-dior-backstage-glow-face-palette-001-univer,,,,,,,,,,,,,,,,,,,,,,,,,,,,,,,,https://lil-shop.com.ua/content/images/47/390x390l80mc0/palitra-khailaiteriv-dlia-oblychchia-dior-backstage-glow-face-palette-001-universal-10g-30957074229681.webp,2,"Палітра хайлайтерів для обличчя — Dior Backstage Glow Face Palette 001 Universal, 10g",,,,,,,,,,,,,,,,,,,,,,,,,,,,,,,,,,
palitra-khailaiteriv-dlia-oblychchia-dior-backstage-glow-face-palette-001-univer,,,,,,,,,,,,,,,,,,,,,,,,,,,,,,,,https://lil-shop.com.ua/content/images/47/312x390l80mc0/palitra-khailaiteriv-dlia-oblychchia-dior-backstage-glow-face-palette-001-universal-10g-33457916893184.webp,3,"Палітра хайлайтерів для обличчя — Dior Backstage Glow Face Palette 001 Universal, 10g",,,,,,,,,,,,,,,,,,,,,,,,,,,,,,,,,,
palitra-khailaiteriv-dlia-oblychchia-dior-backstage-glow-face-palette-001-univer,,,,,,,,,,,,,,,,,,,,,,,,,,,,,,,,https://lil-shop.com.ua/content/images/47/390x390l80mc0/palitra-khailaiteriv-dlia-oblychchia-dior-backstage-glow-face-palette-001-universal-10g-82776746004367.webp,4,"Палітра хайлайтерів для обличчя — Dior Backstage Glow Face Palette 001 Universal, 10g",,,,,,,,,,,,,,,,,,,,,,,,,,,,,,,,,,
palitra-khailaiteriv-dlia-oblychchia-dior-backstage-glow-face-palette-001-univer,,,,,,,,,,,,,,,,,,,,,,,,,,,,,,,,https://lil-shop.com.ua/content/images/47/390x390l80mc0/palitra-khailaiteriv-dlia-oblychchia-dior-backstage-glow-face-palette-001-universal-10g-97946577612126.webp,5,"Палітра хайлайтерів для обличчя — Dior Backstage Glow Face Palette 001 Universal, 10g",,,,,,,,,,,,,,,,,,,,,,,,,,,,,,,,,,
palitra-khailaiteriv-dlia-oblychchia-dior-backstage-glow-face-palette-001-univer,,,,,,,,,,,,,,,,,,,,,,,,,,,,,,,,https://lil-shop.com.ua/content/images/47/1000x1000l80mc0/palitra-khailaiteriv-dlia-oblychchia-dior-backstage-glow-face-palette-001-universal-10g-83055883802753.webp,6,"Палітра хайлайтерів для обличчя — Dior Backstage Glow Face Palette 001 Universal, 10g",,,,,,,,,,,,,,,,,,,,,,,,,,,,,,,,,,
ridki-rumiana-hourglass-unreal-liquid-blush-whim-10-3ml,Рідкі румʼяна Hourglass Unreal Liquid Blush - Whim 10.3ml,"<p>Рідкі рум’яна Unreal з ліфтинг-комплексом</p>
<p><strong>Секрет свіжості та природного сяйва в кожній краплі.</strong> Рідкі рум’яна Unreal — це більше, ніж макіяж. Вони поєднують догляд за шкірою та декоративну косметику, створюючи ефект натурального рум’янцю, що тримається до 12 годин.</p>
<p><strong>Чим вони особливі?</strong></p>
<ul>
<li><strong>Формула, як сироватка.</strong> Легка текстура миттєво зволожує, підтягує та зміцнює шкіру. Щоки стають більш гладенькими та виглядають свіжими протягом усього дня.</li>
<li><strong>Природний ефект.</strong> Рум’яна ідеально зливаються зі шкірою, створюючи ніжний градієнт кольору з натуральним фінішем.</li>
<li><strong>Індивідуальний підхід.</strong> Інноваційна піпетка дозволяє дозувати продукт, щоб створити ефект від легкого натяку до насиченого макіяжу.</li>
</ul>
<p><strong>Переваги:</strong></p>
<ul>
<li>Ефект миттєвого ліфтингу щік.</li>
<li>Легка, невагома консистенція.</li>
<li>Зволоження та зміцнення шкіри протягом дня.</li>
<li>Гладкий та сяючий результат.</li>
<li>Не забиває пори, підходить для будь-якого типу шкіри.</li>
<li>100% веганський продукт, що не тестується на тваринах.</li>
</ul>
<h3>Для тих, хто цінує догляд та стиль в одному флаконі.</h3>
<p>Спробуйте Unreal та створіть свій ідеальний макіяж із комфортом та турботою про шкіру.</p>",Hourglass,,Рум'яна,,false,Title,Default Title,,,,,,,,no-content,0.0,,0,deny,manual,899,,true,true,,,,,,https://lil-shop.com.ua/content/images/21/390x390l80mc0/ridki-rumiana-unreal-liquid-blush-10.3ml-59723467636263.webp,1,Рідкі румʼяна Hourglass Unreal Liquid Blush - Whim 10.3ml,false,,,,female,adult,no-content,new,FALSE,,,,,,FALSE,adults,,brown,,,,,,female,,,kg,,899,draft,,,,
ridki-rumiana-hourglass-unreal-liquid-blush-whim-10-3ml,,,,,,,,,,,,,,,,,,,,,,,,,,,,,,,,https://lil-shop.com.ua/content/images/21/390x390l80mc0/ridki-rumiana-unreal-liquid-blush-10.3ml-91808013028194.webp,2,Рідкі румʼяна Hourglass Unreal Liquid Blush - Whim 10.3ml,,,,,,,,,,,,,,,,,,,,,,,,,,,,,,,,,,
ridki-rumiana-hourglass-unreal-liquid-blush-whim-10-3ml,,,,,,,,,,,,,,,,,,,,,,,,,,,,,,,,https://lil-shop.com.ua/content/images/21/390x390l80mc0/ridki-rumiana-unreal-liquid-blush-10.3ml-51087360594803.webp,3,Рідкі румʼяна Hourglass Unreal Liquid Blush - Whim 10.3ml,,,,,,,,,,,,,,,,,,,,,,,,,,,,,,,,,,
ridki-rumiana-hourglass-unreal-liquid-blush-whim-10-3ml,,,,,,,,,,,,,,,,,,,,,,,,,,,,,,,,https://lil-shop.com.ua/content/images/21/390x390l80mc0/ridki-rumiana-unreal-liquid-blush-10.3ml-39654498753239.webp,4,Рідкі румʼяна Hourglass Unreal Liquid Blush - Whim 10.3ml,,,,,,,,,,,,,,,,,,,,,,,,,,,,,,,,,,
ridki-rumiana-hourglass-unreal-liquid-blush-whim-10-3ml,,,,,,,,,,,,,,,,,,,,,,,,,,,,,,,,https://lil-shop.com.ua/content/images/21/1080x1080l80mc0/ridki-rumiana-unreal-liquid-blush-10.3ml-59723467636263.webp,5,Рідкі румʼяна Hourglass Unreal Liquid Blush - Whim 10.3ml,,,,,,,,,,,,,,,,,,,,,,,,,,,,,,,,,,
kosmetychka-charlotte-tilbury-sumka-zhinocha,Косметичка Charlotte Tilbury сумка жіноча,"<p><strong>Косметичка Charlotte Tilbury</strong> — практичний аксесуар для зберігання косметики, засобів для догляду та особистих речей. Модель виконана в стьобаному дизайні та представлена в кількох кольорових варіантах.</p>
<p>Косметичка виготовлена з м'якої PU-шкіри, приємної на дотик і зручної у щоденному використанні. Завдяки місткому внутрішньому простору в ній можна зберігати декоративну косметику, засоби для догляду, аксесуари та інші необхідні речі.</p>
<p>Компактна форма дозволяє використовувати косметичку вдома, брати її в подорожі або носити із собою в сумці. За потреби модель можна використовувати як невеликий клатч для зберігання особистих речей.</p>
<h3><strong>Основні особливості</strong></h3>
<ul>
<li>стьобаний дизайн;</li>
<li>містке внутрішнє відділення;</li>
<li>застібка-блискавка;</li>
<li>підходить для зберігання косметики та аксесуарів;</li>
<li>представлена в різних кольорах.</li>
</ul>
<h3><strong>Характеристики</strong></h3>
<ul>
<li><strong>Розмір:</strong> 25 × 17 × 2 см;</li>
<li><strong>Тип:</strong> косметичка;</li>
<li><strong>Призначення:</strong> зберігання косметики, засобів для догляду та особистих речей.</li>
</ul>
<h3><strong>Спосіб використання</strong></h3>
<p>Використовуйте косметичку для зберігання декоративної косметики, засобів для догляду, аксесуарів або інших необхідних речей.</p>",Charlotte Tilbury,"Apparel & Accessories > Handbags, Wallets & Cases > Handbags",Handbags,,false,Title,Default Title,,,,,,,,no-content,0.0,,0,deny,manual,1499,,true,true,,,,,,https://lil-shop.com.ua/content/images/24/505x390l80mc0/kosmetychka-charlotte-tilbury-18342289879514.webp,1,Косметичка Charlotte Tilbury,false,,,3032,female,adult,no-content,new,FALSE,,,,,,FALSE,adults,handle,red,,,,,,female,,,kg,,1489,draft,,,,
kosmetychka-charlotte-tilbury-sumka-zhinocha,,,,,,,,,,,,,,,,,,,,,,,,,,,,,,,,https://lil-shop.com.ua/content/images/24/390x390l80mc0/kosmetychka-charlotte-tilbury-62947243149201.webp,2,Косметичка Charlotte Tilbury,,,,,,,,,,,,,,,,,,,,,,,,,,,,,,,,,,
kosmetychka-charlotte-tilbury-sumka-zhinocha,,,,,,,,,,,,,,,,,,,,,,,,,,,,,,,,https://lil-shop.com.ua/content/images/24/390x390l80mc0/kosmetychka-charlotte-tilbury-49868432513971.webp,3,Косметичка Charlotte Tilbury,,,,,,,,,,,,,,,,,,,,,,,,,,,,,,,,,,
kosmetychka-charlotte-tilbury-sumka-zhinocha,,,,,,,,,,,,,,,,,,,,,,,,,,,,,,,,https://lil-shop.com.ua/content/images/24/371x390l80mc0/kosmetychka-charlotte-tilbury-14099360909094.webp,4,Косметичка Charlotte Tilbury,,,,,,,,,,,,,,,,,,,,,,,,,,,,,,,,,,
kosmetychka-charlotte-tilbury-sumka-zhinocha,,,,,,,,,,,,,,,,,,,,,,,,,,,,,,,,https://lil-shop.com.ua/content/images/24/399x390l80mc0/kosmetychka-charlotte-tilbury-46482470561077.webp,5,Косметичка Charlotte Tilbury,,,,,,,,,,,,,,,,,,,,,,,,,,,,,,,,,,
kosmetychka-charlotte-tilbury-sumka-zhinocha,,,,,,,,,,,,,,,,,,,,,,,,,,,,,,,,https://lil-shop.com.ua/content/images/24/505x390l80mc0/kosmetychka-charlotte-tilbury-46019786041651.webp,6,Косметичка Charlotte Tilbury,,,,,,,,,,,,,,,,,,,,,,,,,,,,,,,,,,
kosmetychka-charlotte-tilbury-sumka-zhinocha,,,,,,,,,,,,,,,,,,,,,,,,,,,,,,,,https://lil-shop.com.ua/content/images/24/978x755l80mc0/kosmetychka-charlotte-tilbury-18342289879514.webp,7,Косметичка Charlotte Tilbury,,,,,,,,,,,,,,,,,,,,,,,,,,,,,,,,,,
